{"cameraMode":{"drawMode":0,"name":"Shaded","section":"Shading Mode"},"sceneLighting":false,"audioPlay":false,"sceneViewState":{"m_AlwaysRefresh":false,"showFog":false,"showSkybox":false,"showFlares":false,"showImageEffects":false,"showParticleSystems":false,"showVisualEffectGraphs":false,"m_FxEnabled":true},"in2DMode":false,"pivot":{"x":-0.04359143227338791,"y":-0.06359358131885529,"z":0.4370079040527344},"rotation":{"x":-0.007322882302105427,"y":-0.9913338422775269,"z":0.11501043289899826,"w":-0.06313750147819519},"size":0.5611057877540588,"orthographic":false}